Day fraction since midnight on 	pH probe (pH)	Source pressure (Pa)
0.6100500606	7.8709173203	0.0000000000
0.6100616330	7.8652601242	0.0000000000
0.6100732127	7.8716788292	0.0000000000
0.6100847805	7.8675055504	0.0000000000
0.6100963580	7.8657512665	0.0000000000
0.6101079338	7.8717861176	0.0000000000
0.6101195127	7.8663764000	0.0000000000
0.6101310802	7.8594088554	0.0000000000
0.6101426520	7.8542113304	0.0000000000
0.6101542261	7.8558068275	0.0000000000
0.6101658156	7.8638234138	0.0000000000
0.6101773789	7.8640937805	0.0000000000
0.6101889493	7.8706736565	0.0000000000
0.6102005202	7.8594970703	0.0000000000
0.6102120933	7.8600096703	0.0000000000
0.6102236762	7.8653407097	0.0000000000
0.6102352493	7.8495793343	0.0000000000
0.6102468255	7.8476119041	0.0000000000
0.6102583891	7.8448944092	0.0000000000
0.6102699648	7.8446841240	0.0000000000
0.6102815400	7.8433446884	0.0000000000
0.6102931182	7.8417377472	0.0000000000
0.6103046935	7.8381953239	0.0000000000
0.6103162652	7.8369035721	0.0000000000
0.6103278335	7.8457956314	0.0000000000
0.6103394126	7.8572888374	0.0000000000
0.6103509895	7.8466653824	0.0000000000
0.6103625627	7.8455662727	0.0000000000
0.6103741350	7.8464851379	0.0000000000
0.6103857142	7.8473439217	0.0000000000
0.6103972823	7.8491725922	0.0000000000
0.6104088600	7.8400597572	0.0000000000
0.6104204373	7.8309779167	0.0000000000
0.6104320092	7.8326249123	0.0000000000
0.6104435828	7.8374691010	0.0000000000
0.6104551530	7.8396086693	0.0000000000
0.6104667257	7.8374338150	0.0000000000
0.6104783080	7.8301329613	0.0000000000
0.6104898698	7.8262786865	0.0000000000
0.6105014457	7.8201704025	0.0000000000
0.6105130334	7.8235268593	0.0000000000
0.6105245962	7.8277988434	0.0000000000
0.6105361699	7.8234825134	0.0000000000
0.6105477419	7.8261857033	0.0000000000
0.6105593229	7.8238306046	0.0000000000
0.6105708986	7.8278117180	0.0000000000
0.6105824678	7.8250584602	0.0000000000
0.6105940462	7.8140645027	0.0000000000
0.6106056119	7.8216643333	0.0000000000
0.6106171929	7.8183135986	0.0000000000
0.6106287684	7.8115825653	0.0000000000
0.6106403386	7.8142566681	0.0000000000
0.6106519140	7.8103151321	0.0000000000
0.6106634873	7.8172974586	0.0000000000
0.6106750557	7.8148932457	0.0000000000
0.6106866388	7.8175973892	0.0000000000
0.6106982134	7.8158855438	0.0000000000
0.6107097781	7.8129487038	0.0000000000
0.6107213523	7.8147964478	0.0000000000
0.6107329363	7.8136000633	0.0000000000
0.6107445212	7.8159389496	0.0000000000
0.6107560846	7.8176159859	0.0000000000
0.6107676581	7.8053822517	0.0000000000
0.6107792266	7.8051171303	0.0000000000
0.6107908134	7.8073873520	0.0000000000
0.6108023762	7.7992830276	0.0000000000
0.6108139501	7.8030128479	0.0000000000
0.6108256091	7.8063306808	0.0000000000
0.6108370953	7.8185114861	0.0000000000
0.6108486769	7.8102083206	0.0000000000
0.6108602443	7.8150525093	0.0000000000
0.6108718364	7.8102259636	0.0000000000
0.6108833906	7.8025712967	0.0000000000
0.6108949682	7.8087081909	0.0000000000
0.6109065387	7.8166432381	0.0000000000
0.6109181235	7.8105649948	0.0000000000
0.6109296958	7.8075389862	0.0000000000
0.6109411516	7.8071322441	0.0000000000
0.6109528404	7.7941975594	0.0000000000
0.6109644177	7.7910327911	0.0000000000
0.6109759833	7.7964010239	0.0000000000
0.6109875638	7.7875514030	0.0000000000
0.6109991386	7.7882475853	0.0000000000
0.6110107033	7.7941803932	0.0000000000
0.6110222779	7.7844805717	0.0000000000
0.6110338563	7.7860875130	0.0000000000
0.6110454329	7.7849626541	0.0000000000
0.6110570086	7.8002457619	0.0000000000
0.6110685834	7.7958450317	0.0000000000
0.6110801686	7.7865161896	0.0000000000
0.6110917293	7.7965955734	0.0000000000
0.6111033047	7.7977995872	0.0000000000
0.6111148814	7.7963356972	0.0000000000
0.6111264549	7.7819223404	0.0000000000
0.6111380232	7.7771134377	0.0000000000
0.6111495945	7.7840790749	0.0000000000
0.6111611784	7.7819275856	0.0000000000
0.6111727416	7.7760705948	0.0000000000
0.6111843157	7.8192100525	0.0000000000
0.6111958997	7.7907295227	0.0000000000
0.6112074627	7.7818160057	0.0000000000
0.6112190464	7.7788925171	0.0000000000
0.6112306205	7.7842841148	0.0000000000
0.6112422018	7.7939252853	0.0000000000
0.6112537712	7.7907795906	0.0000000000
0.6112653407	7.7882690430	0.0000000000
0.6112769176	7.7878375053	0.0000000000
0.6112884820	7.7808613777	0.0000000000
0.6113000561	7.7720260620	0.0000000000
0.6113116334	7.7890152931	0.0000000000
0.6113232087	7.7804098129	0.0000000000
0.6113347870	7.7731075287	0.0000000000
0.6113463538	7.7795534134	0.0000000000
0.6113579335	7.7747149467	0.0000000000
0.6113695033	7.7716331482	0.0000000000
0.6113810864	7.7665910721	0.0000000000
0.6113926562	7.7758231163	0.0000000000
0.6114042345	7.7820348740	0.0000000000
pump starts now
0.6114157976	7.7799696922	0.0000000000
0.6114273705	7.7681150436	0.0000000000
0.6114389450	7.7835521698	0.0000000000
0.6114505378	7.7838559151	0.0000000000
0.6114621028	7.7890644073	0.0000000000
0.6114736783	7.7887301445	0.0000000000
0.6114852498	8.2234153748	0.0000000000
0.6114968244	8.6400022507	0.0000000000
0.6115084019	8.6882972717	0.0000000000
0.6115199648	8.6802177429	0.0000000000
0.6115315376	8.6786479950	0.0000000000
0.6115431208	8.6640329361	0.0000000000
0.6115547004	8.6570882797	0.0000000000
0.6115662644	8.6478137970	0.0000000000
0.6115778398	8.6496963501	0.0000000000
0.6115894133	8.6470527649	0.0000000000
0.6116009904	8.6200952530	0.0000000000
0.6116125599	8.6256084442	0.0000000000
0.6116241504	8.6311101913	0.0000000000
0.6116357075	8.6407594681	0.0000000000
0.6116472834	8.6154069901	0.0000000000
0.6116588573	8.6128444672	0.0000000000
0.6116704391	8.6284866333	0.0000000000
0.6116820097	8.5913114548	0.0000000000
0.6116935914	8.5960817337	0.0000000000
0.6117051503	8.5887308121	0.0000000000
0.6117167301	8.5831375122	0.0000000000
0.6117283080	8.6059179306	0.0000000000
0.6117398796	8.5684356689	0.0000000000
0.6117514494	8.5606918335	0.0000000000
0.6117630264	8.5468015671	0.0000000000
0.6117745938	8.5364542007	0.0000000000
0.6117861687	8.5633554459	0.0000000000
0.6117977471	8.5318069458	0.0000000000
0.6118093176	8.5513753891	0.0000000000
0.6118209006	8.5104541779	0.0000000000
0.6118324727	8.5453290939	0.0000000000
0.6118440399	8.5374803543	0.0000000000
0.6118556171	8.4925117493	0.0000000000
0.6118671936	8.5093650818	0.0000000000
0.6118787616	8.5012063980	0.0000000000
0.6118903411	8.4974031448	0.0000000000
0.6119019122	8.5098476410	0.0000000000
0.6119134873	8.4552545547	0.0000000000
0.6119250635	8.4892263412	0.0000000000
0.6119366313	8.4659509659	0.0000000000
0.6119482088	8.4759788513	0.0000000000
0.6119597796	8.4573240280	0.0000000000
0.6119713536	8.4602937698	0.0000000000
0.6119829272	8.4524803162	0.0000000000
0.6119945058	8.4497690201	0.0000000000
0.6120060837	8.4107580185	0.0000000000
0.6120176604	8.4327449799	0.0000000000
0.6120292275	8.4960050583	0.0000000000
0.6120408040	8.4771566391	0.0000000000
0.6120523764	8.4459209442	0.0000000000
0.6120639483	8.4420318604	0.0000000000
0.6120755401	8.4252729416	0.0000000000
0.6120870980	8.4637765884	0.0000000000
0.6120986694	8.3794307709	0.0000000000
0.6121102540	8.3837270737	0.0000000000
0.6121218178	8.4468574524	0.0000000000
0.6121333972	8.4762287140	0.0000000000
0.6121449646	8.4575719833	0.0000000000
0.6121565397	8.4352188110	0.0000000000
0.6121681165	8.4624214172	0.0000000000
0.6121796952	8.4464654922	0.0000000000
0.6121912660	8.4211359024	0.0000000000
0.6122028413	8.4273977280	0.0000000000
0.6122144143	8.3968973160	0.0000000000
0.6122259862	8.4496335983	0.0000000000
0.6122375635	8.4222564697	0.0000000000
0.6122491394	8.3883924484	0.0000000000
0.6122607125	8.3632202148	0.0000000000
0.6122722804	8.3601961136	0.0000000000
0.6122838571	8.3971395493	0.0000000000
0.6122954318	8.4010992050	0.0000000000
0.6123070122	8.3941898346	0.0000000000
0.6123185790	8.3582162857	0.0000000000
0.6123301546	8.4112939835	0.0000000000
0.6123417274	8.3382568359	0.0000000000
0.6123533095	8.4247550964	0.0000000000
0.6123648803	8.3996381760	0.0000000000
0.6123764514	8.3860960007	0.0000000000
0.6123880237	8.3990011215	0.0000000000
0.6123995976	8.3382425308	0.0000000000
0.6124111791	8.3455028534	0.0000000000
0.6124227539	8.3567686081	0.0000000000
0.6124343153	8.3469371796	0.0000000000
0.6124458982	8.3647670746	0.0000000000
0.6124574637	8.3289756775	0.0000000000
0.6124690463	8.3150081635	0.0000000000
0.6124806115	8.4020071030	0.0000000000
0.6124921915	8.4189891815	0.0000000000
0.6125037602	8.3031291962	0.0000000000
0.6125153406	8.3661594391	0.0000000000
0.6125269078	8.3519935608	0.0000000000
0.6125384923	8.3569831848	0.0000000000
0.6125500572	8.3552818298	0.0000000000
0.6125616430	8.3225421906	0.0000000000
0.6125732144	8.3058691025	0.0000000000
0.6125847840	8.3477687836	0.0000000000
0.6125963577	8.3118267059	0.0000000000
0.6126079380	8.3447885513	0.0000000000
0.6126195080	8.3843984604	0.0000000000
0.6126310819	8.3429775238	0.0000000000
0.6126426552	8.3790063858	0.0000000000
0.6126542308	8.2999210358	0.0000000000
0.6126658099	8.3466806412	0.0000000000
0.6126773759	8.3111734390	0.0000000000
0.6126889530	8.3309154510	0.0000000000
0.6127005273	8.3118839264	0.0000000000
0.6127120984	8.3022098541	0.0000000000
0.6127236714	8.3175554276	0.0000000000
0.6127352533	8.2986001968	0.0000000000
0.6127468164	8.2660388947	0.0000000000
0.6127583960	8.2917442322	0.0000000000
0.6127699735	8.2795505524	0.0000000000
0.6127815441	8.3065586090	0.0000000000
0.6127931180	8.2926635742	0.0000000000
0.6128046900	8.2829227448	0.0000000000
0.6128162622	8.3135423660	0.0000000000
0.6128278453	8.3009929657	0.0000000000
0.6128394181	8.3296823502	0.0000000000
0.6128509830	8.2686204910	0.0000000000
0.6128625622	8.3058042526	0.0000000000
0.6128741327	8.3094940186	0.0000000000
0.6128857106	8.2907447815	0.0000000000
0.6128972849	8.2566795349	0.0000000000
0.6129088588	8.3317689896	0.0000000000
0.6129204428	8.3133659363	0.0000000000
0.6129320022	8.2717494965	0.0000000000
0.6129435847	8.3153648376	0.0000000000
0.6129551548	8.3447456360	0.0000000000
0.6129667293	8.2660522461	0.0000000000
0.6129783022	8.2535200119	0.0000000000
0.6129898767	8.2976541519	0.0000000000
0.6130014501	8.3062763214	0.0000000000
0.6130130261	8.2557334900	0.0000000000
0.6130246151	8.2704448700	0.0000000000
0.6130361676	8.2524795532	0.0000000000
0.6130477438	8.3078842163	0.0000000000
0.6130593206	8.2927799225	0.0000000000
0.6130708896	8.3138599396	0.0000000000
0.6130824834	8.3050813675	0.0000000000
0.6130940493	8.2720289230	0.0000000000
0.6131056216	8.2468929291	0.0000000000
0.6131171983	8.2941904068	0.0000000000
0.6131287711	8.2989034653	0.0000000000
0.6131403473	8.2437353134	0.0000000000
0.6131519135	8.2431097031	0.0000000000
0.6131634826	8.2503404617	0.0000000000
0.6131750585	8.2896919250	0.0000000000
0.6131866317	8.2379827499	0.0000000000
0.6131982063	8.2497348785	0.0000000000
0.6132097900	8.2111186981	0.0000000000
0.6132213571	8.2724914551	0.0000000000
0.6132329385	8.2553405762	0.0000000000
0.6132445121	8.2335281372	0.0000000000
0.6132560807	8.2445592880	0.0000000000
0.6132676573	8.2500381470	0.0000000000
0.6132792330	8.2446098328	0.0000000000
0.6132908018	8.2864933014	0.0000000000
0.6133023760	8.2986183167	0.0000000000
0.6133139547	8.2618389130	0.0000000000
0.6133255209	8.1976261139	0.0000000000
0.6133370961	8.2359151840	0.0000000000
0.6133486773	8.2261314392	0.0000000000
0.6133602492	8.2012996674	0.0000000000
0.6133718242	8.1781940460	0.0000000000
0.6133833907	8.2223367691	0.0000000000
0.6133949761	8.1968803406	0.0000000000
0.6134065395	8.2504634857	0.0000000000
0.6134181169	8.1969404221	0.0000000000
0.6134296900	8.2404928207	0.0000000000
0.6134412722	8.2258644104	0.0000000000
0.6134528456	8.2425260544	0.0000000000
0.6134644155	8.2149066925	0.0000000000
0.6134759955	8.2217397690	0.0000000000
0.6134875636	8.2123308182	0.0000000000
0.6134991422	8.1979398727	0.0000000000
0.6135107047	8.2143812180	0.0000000000
0.6135222883	8.2119550705	0.0000000000
0.6135338587	8.2283477783	0.0000000000
0.6135454327	8.2669582367	0.0000000000
0.6135570106	8.2054033279	0.0000000000
0.6135685804	8.2498455048	0.0000000000
0.6135801614	8.2055463791	0.0000000000
0.6135917362	8.2144908905	0.0000000000
0.6136032976	8.2179880142	0.0000000000
0.6136148830	8.2294168472	0.0000000000
0.6136264583	8.2662668228	0.0000000000
0.6136380237	8.2013702393	0.0000000000
0.6136495980	8.2211322784	0.0000000000
0.6136611803	8.1868352890	0.0000000000
0.6136727548	8.2350406647	0.0000000000
0.6136843269	8.2257843018	0.0000000000
0.6136958916	8.1966323853	0.0000000000
0.6137074660	8.2079744339	0.0000000000
0.6137190502	8.2053670883	0.0000000000
0.6137306130	8.1798725128	0.0000000000
0.6137421930	8.1769800186	0.0000000000
0.6137537657	8.1735963821	0.0000000000
0.6137653405	8.1607866287	0.0000000000
0.6137769201	8.1688203812	0.0000000000
0.6137884834	8.1746387482	0.0000000000
0.6138000690	8.2185440063	0.0000000000
0.6138116352	8.1375312805	0.0000000000
0.6138232138	8.2087593079	0.0000000000
0.6138347827	8.1726770401	0.0000000000
0.6138463648	8.1328144073	0.0000000000
0.6138579400	8.1342735291	0.0000000000
0.6138695023	8.1766195297	0.0000000000
0.6138810829	8.1729269028	0.0000000000
0.6138926588	8.1783723831	0.0000000000
0.6139042284	8.1575622559	0.0000000000
0.6139158089	8.1474857330	0.0000000000
0.6139273772	8.1993017197	0.0000000000
0.6139389685	8.1670169830	0.0000000000
0.6139505218	8.1839036942	0.0000000000
0.6139620945	8.1666793823	0.0000000000
0.6139736767	8.1597690582	0.0000000000
0.6139852435	8.1947755814	0.0000000000
0.6139968290	8.1656780243	0.0000000000
0.6140083954	8.1562891006	0.0000000000
0.6140199648	8.1844787598	0.0000000000
0.6140315612	8.1311674118	0.0000000000
0.6140431217	8.1594886780	0.0000000000
0.6140546939	8.1418094635	0.0000000000
0.6140662675	8.1321220398	0.0000000000
0.6140778412	8.1613979340	0.0000000000
0.6140894150	8.1577920914	0.0000000000
0.6141009886	8.1962080002	0.0000000000
0.6141125676	8.1516275406	0.0000000000
0.6141241329	8.1653232574	0.0000000000
0.6141357108	8.1210327148	0.0000000000
0.6141472883	8.1479310989	0.0000000000
0.6141588645	8.1073141098	0.0000000000
0.6141704370	8.1301774979	0.0000000000
0.6141820025	8.1330413818	0.0000000000
0.6141935867	8.1778898239	0.0000000000
0.6142051726	8.1157770157	0.0000000000
0.6142167302	8.1361703873	0.0000000000
0.6142283018	8.1535844803	0.0000000000
0.6142398717	8.1793241501	0.0000000000
0.6142514475	8.1253290176	0.0000000000
0.6142630319	8.1157941818	0.0000000000
0.6142746036	8.1411552429	0.0000000000
0.6142861776	8.1859188080	0.0000000000
0.6142977551	8.1177940369	0.0000000000
0.6143093231	8.1156282425	0.0000000000
0.6143208973	8.1013689041	0.0000000000
0.6143324751	8.1326494217	0.0000000000
0.6143440440	8.1629180908	0.0000000000
0.6143556181	8.1552333832	0.0000000000
0.6143671873	8.2018499374	0.0000000000
0.6143787731	8.1417541504	0.0000000000
0.6143903490	8.1016902924	0.0000000000
0.6144019212	8.1454515457	0.0000000000
0.6144134910	8.1059217453	0.0000000000
0.6144250783	8.1103382111	0.0000000000
0.6144366377	8.1121101379	0.0000000000
0.6144482137	8.0838365555	0.0000000000
0.6144597919	8.1661605835	0.0000000000
0.6144713659	8.1137895584	0.0000000000
0.6144829382	8.1059951782	0.0000000000
0.6144945130	8.1235256195	0.0000000000
0.6145060803	8.0976486206	0.0000000000
0.6145176545	8.1014041901	0.0000000000
0.6145292305	8.1134023666	0.0000000000
0.6145408001	8.0720491409	0.0000000000
0.6145523804	8.1331844330	0.0000000000
0.6145639513	8.1239547729	0.0000000000
0.6145755420	8.0832290649	0.0000000000
0.6145871007	8.0755500793	0.0000000000
0.6145986687	8.0914783478	0.0000000000
0.6146102487	8.0410223007	0.0000000000
0.6146218217	8.1703968048	0.0000000000
0.6146333989	8.1098852158	0.0000000000
0.6146449709	8.1277904510	0.0000000000
0.6146565499	8.0868892670	0.0000000000
0.6146681259	8.0400409698	0.0000000000
0.6146796963	8.0317239761	0.0000000000
0.6146912607	7.9886231422	0.0000000000
0.6147028400	8.0276679993	0.0000000000
0.6147144170	8.0626564026	0.0000000000
0.6147259845	7.8261017799	0.0000000000
0.6147375635	7.7861948013	0.0000000000
0.6147491510	8.0024766922	0.0000000000
0.6147607071	8.0450534821	0.0000000000
0.6147722896	7.9643578529	0.0000000000
0.6147838598	7.8473868370	0.0000000000
0.6147954382	7.9380235672	0.0000000000
0.6148070027	7.9298586845	0.0000000000
0.6148185822	7.9650187492	0.0000000000
0.6148301546	7.9602842331	0.0000000000
0.6148417355	7.9608235359	0.0000000000
0.6148532983	7.9529709816	0.0000000000
0.6148648798	8.0956907272	0.0000000000
0.6148764576	8.0661249161	0.0000000000
0.6148880418	7.9657864571	0.0000000000
0.6148995986	7.9647922516	0.0000000000
0.6149111793	7.9952273369	0.0000000000
0.6149227432	8.0742235184	0.0000000000
0.6149343258	8.0608940125	0.0000000000
0.6149458975	8.0689735413	0.0000000000
0.6149574764	8.0290966034	0.0000000000
0.6149690433	8.0670280457	0.0000000000
0.6149806161	8.0586137772	0.0000000000
0.6149921922	8.0384340286	0.0000000000
0.6150037671	8.0792655945	0.0000000000
0.6150153391	8.0187473297	0.0000000000
0.6150269202	8.0586385727	0.0000000000
0.6150385064	8.0835685730	0.0000000000
0.6150500637	8.0708646774	0.0000000000
0.6150616361	8.0420541763	0.0000000000
0.6150732070	8.0222654343	0.0000000000
0.6150847884	8.0365591049	0.0000000000
0.6150963536	8.0556135178	0.0000000000
0.6151079501	7.9804625511	0.0000000000
0.6151195114	8.0298719406	0.0000000000
0.6151310976	8.0120458603	0.0000000000
0.6151426502	8.0949087143	0.0000000000
0.6151542288	8.0078678131	0.0000000000
0.6151657989	8.0576238632	0.0000000000
0.6151773752	8.0472202301	0.0000000000
0.6151889471	8.0110397339	0.0000000000
0.6152005317	8.0285606384	0.0000000000
0.6152121029	8.0381412506	0.0000000000
0.6152236746	8.0320777893	0.0000000000
0.6152352511	8.0345830917	0.0000000000
0.6152468183	8.0645532608	0.0000000000
0.6152584024	8.0292034149	0.0000000000
0.6152699835	8.0446290970	0.0000000000
0.6152815470	8.0284175873	0.0000000000
0.6152931237	7.9990305901	0.0000000000
0.6153046983	8.0121536255	0.0000000000
0.6153162675	8.0548658371	0.0000000000
0.6153278448	8.0419692993	0.0000000000
0.6153394219	8.0065288544	0.0000000000
0.6153510050	8.0291528702	0.0000000000
0.6153625600	8.0026426315	0.0000000000
0.6153741386	8.0483074188	0.0000000000
0.6153857137	8.0363092422	0.0000000000
0.6153972885	7.9939064980	0.0000000000
0.6154088642	7.9880685806	0.0000000000
0.6154204324	8.0426321030	0.0000000000
0.6154320095	8.0217046738	0.0000000000
0.6154435854	8.0467720032	0.0000000000
0.6154551529	8.0101556778	0.0000000000
0.6154667266	8.0497388840	0.0000000000
0.6154783110	7.9904246330	0.0000000000
0.6154898749	8.0304155350	0.0000000000
0.6155014511	8.0165090561	0.0000000000
0.6155130299	8.0427007675	0.0000000000
0.6155245968	8.0121183395	0.0000000000
0.6155361750	8.0209188461	0.0000000000
0.6155477437	8.0020942688	0.0000000000
0.6155593376	7.9638404846	0.0000000000
0.6155708915	7.9602837563	0.0000000000
0.6155824761	8.0723209381	0.0000000000
0.6155940464	8.0174036026	0.0000000000
0.6156056197	8.0518608093	0.0000000000
0.6156171905	8.0247230530	0.0000000000
0.6156287692	8.0127067566	0.0000000000
0.6156403359	8.0509939194	0.0000000000
0.6156519151	8.0172767639	0.0000000000
0.6156634842	8.0377702713	0.0000000000
0.6156750683	7.9972271919	0.0000000000
0.6156866425	8.0221509933	0.0000000000
0.6156982203	7.9670028687	0.0000000000
0.6157097876	7.9777684212	0.0000000000
0.6157213642	7.9951920509	0.0000000000
0.6157329488	8.0494670868	0.0000000000
0.6157445130	8.0277643204	0.0000000000
0.6157560775	8.0076284409	0.0000000000
0.6157676547	7.9563422203	0.0000000000
0.6157792252	8.0099611282	0.0000000000
0.6157907982	7.9844331741	0.0000000000
0.6158023834	7.9862651825	0.0000000000
0.6158139592	7.9984493256	0.0000000000
0.6158255315	8.0015459061	0.0000000000
0.6158371038	7.9593472481	0.0000000000
0.6158486781	7.9895858765	0.0000000000
0.6158602461	8.0284357071	0.0000000000
0.6158718264	7.9730415344	0.0000000000
0.6158833961	8.0163526535	0.0000000000
0.6158949699	8.0169448853	0.0000000000
0.6159065450	7.9924063683	0.0000000000
0.6159181178	8.0117645264	0.0000000000
0.6159296947	7.9761848450	0.0000000000
0.6159412618	7.9701132774	0.0000000000
0.6159528411	7.9605550766	0.0000000000
0.6159644149	7.9693174362	0.0000000000
0.6159759934	8.0378265381	0.0000000000
0.6159875614	7.9832544327	0.0000000000
0.6159991358	7.9683218002	0.0000000000
0.6160107124	8.0395050049	0.0000000000
0.6160222855	8.0153007507	0.0000000000
0.6160338633	7.9848008156	0.0000000000
0.6160454372	7.9836988449	0.0000000000
0.6160570040	7.9680800438	0.0000000000
0.6160685870	7.9731421471	0.0000000000
0.6160801607	7.9818167686	0.0000000000
0.6160917250	7.9929895401	0.0000000000
0.6161033054	7.9351854324	0.0000000000
0.6161148729	8.0039157867	0.0000000000
0.6161264507	7.9783201218	0.0000000000
0.6161380300	7.9477539063	0.0000000000
0.6161495997	7.9512319565	0.0000000000
0.6161611726	7.9629602432	0.0000000000
0.6161727482	7.8700723648	0.0000000000
0.6161843265	7.9401836395	0.0000000000
0.6161958963	7.9524345398	0.0000000000
0.6162074697	7.9572606087	0.0000000000
0.6162190500	7.9854617119	0.0000000000
0.6162306173	7.8980016708	0.0000000000
0.6162421901	7.9805793762	0.0000000000
0.6162537715	7.9680004120	0.0000000000
0.6162653359	7.9520454407	0.0000000000
0.6162769191	7.9883403778	0.0000000000
0.6162884942	7.9451832771	0.0000000000
0.6163000591	7.9846453667	0.0000000000
0.6163116364	7.9527893066	0.0000000000
0.6163232183	7.9238119125	0.0000000000
0.6163347908	7.9584984779	0.0000000000
0.6163463582	7.9658527374	0.0000000000
0.6163579399	7.9172596931	0.0000000000
0.6163695061	7.9031281471	0.0000000000
0.6163810761	7.9483861923	0.0000000000
0.6163926500	7.8917961121	0.0000000000
0.6164042292	7.9209022522	0.0000000000
0.6164157990	7.9475021362	0.0000000000
0.6164273736	7.9093861580	0.0000000000
0.6164389659	7.9432730675	0.0000000000
0.6164505304	7.9388923645	0.0000000000
0.6164621000	7.9098639488	0.0000000000
0.6164736898	7.9886217117	0.0000000000
0.6164852447	7.9689111710	0.0000000000
0.6164968260	7.8874440193	0.0000000000
0.6165083911	7.9367356300	0.0000000000
0.6165199705	7.9459867477	0.0000000000
0.6165315479	7.8855514526	0.0000000000
0.6165431244	7.9382023811	0.0000000000
0.6165546928	7.9039239883	0.0000000000
0.6165662682	7.9207949638	0.0000000000
0.6165778468	7.9553780556	0.0000000000
0.6165894109	7.8918666840	0.0000000000
0.6166009931	7.9363279343	0.0000000000
0.6166125576	7.8988323212	0.0000000000
0.6166241316	7.9024920464	0.0000000000
0.6166357165	7.9349169731	0.0000000000
0.6166472913	7.9015483856	0.0000000000
0.6166588656	7.9007983208	0.0000000000
0.6166704301	7.9000873566	0.0000000000
0.6166820038	7.8467526436	0.0000000000
0.6166935768	7.8968877792	0.0000000000
0.6167051553	7.8719110489	0.0000000000
0.6167167317	7.9128317833	0.0000000000
0.6167283101	7.8909788132	0.0000000000
0.6167398783	7.8816146851	0.0000000000
0.6167514526	7.8967280388	0.0000000000
0.6167630283	7.8813738823	0.0000000000
0.6167746001	7.9100408554	0.0000000000
0.6167861766	7.8938889503	0.0000000000
0.6167977443	7.8641295433	0.0000000000
0.6168093216	7.8875589371	0.0000000000
0.6168208979	7.8656978607	0.0000000000
0.6168324761	7.8901576996	0.0000000000
0.6168440396	7.8289833069	0.0000000000
0.6168556205	7.9167752266	0.0000000000
0.6168671936	7.9108891487	0.0000000000
0.6168787733	7.8741607666	0.0000000000
0.6168903434	7.8234853745	0.0000000000
0.6169019134	7.7976741791	0.0000000000
0.6169134926	7.8683547974	0.0000000000
0.6169250637	7.8344464302	0.0000000000
0.6169366402	7.8231697083	0.0000000000
0.6169482160	7.8320612907	0.0000000000
0.6169597854	7.8365674019	0.0000000000
0.6169713664	7.8586025238	0.0000000000
0.6169829328	7.8898510933	0.0000000000
0.6169945143	7.8890686035	0.0000000000
0.6170060777	7.8329963684	0.0000000000
0.6170176554	7.8063693047	0.0000000000
0.6170292295	7.8385953903	0.0000000000
0.6170408043	7.8414163589	0.0000000000
0.6170523837	7.8818378448	0.0000000000
0.6170639486	7.8108096123	0.0000000000
0.6170755388	7.8820343018	0.0000000000
0.6170870974	7.8641109467	0.0000000000
0.6170986777	7.8668942451	0.0000000000
0.6171102444	7.8496675491	0.0000000000
0.6171218204	7.8691792488	0.0000000000
0.6171334001	7.8753027916	0.0000000000
0.6171449695	7.8624849319	0.0000000000
0.6171565389	7.8094835281	0.0000000000
0.6171681208	7.8515577316	0.0000000000
0.6171796878	7.8751430511	0.0000000000
0.6171912656	7.7928719521	0.0000000000
0.6172028371	7.8345522881	0.0000000000
0.6172144115	7.8356318474	0.0000000000
0.6172259892	7.7976212502	0.0000000000
0.6172375666	7.8593239784	0.0000000000
0.6172491380	7.8037557602	0.0000000000
0.6172607098	7.8159537315	0.0000000000
0.6172722967	7.8201527596	0.0000000000
0.6172838583	7.8255004883	0.0000000000
0.6172954403	7.8522896767	0.0000000000
0.6173070133	7.7657637596	0.0000000000
0.6173185760	7.8330845833	0.0000000000
0.6173301508	7.8503971100	0.0000000000
0.6173417294	7.8276691437	0.0000000000
0.6173533067	7.7578425407	0.0000000000
0.6173648726	7.8403153419	0.0000000000
0.6173764585	7.8001117706	0.0000000000
0.6173880267	7.8338451385	0.0000000000
0.6173996056	7.8148322105	0.0000000000
0.6174111715	7.8399620056	0.0000000000
0.6174227540	7.7740182877	0.0000000000
0.6174343238	7.8376107216	0.0000000000
0.6174459015	7.8165459633	0.0000000000
0.6174574724	7.8283290863	0.0000000000
0.6174690396	7.8465561867	0.0000000000
0.6174806242	7.7872123718	0.0000000000
0.6174921961	7.7979340553	0.0000000000
0.6175037631	7.8323421478	0.0000000000
0.6175153422	7.8129577637	0.0000000000
0.6175269135	7.8370981216	0.0000000000
0.6175384870	7.7978858948	0.0000000000
0.6175500664	7.8422379494	0.0000000000
0.6175616328	7.8270740509	0.0000000000
0.6175732107	7.8197422028	0.0000000000
0.6175847872	7.7877302170	0.0000000000
0.6175963577	7.8120822906	0.0000000000
0.6176079377	7.7981328964	0.0000000000
0.6176195118	7.8212399483	0.0000000000
0.6176310830	7.7677440643	0.0000000000
0.6176426507	7.7552804947	0.0000000000
0.6176542284	7.8026738167	0.0000000000
0.6176658045	7.7952289581	0.0000000000
0.6176773837	7.8077621460	0.0000000000
0.6176889581	7.7603421211	0.0000000000
0.6177005332	7.7694478035	0.0000000000
0.6177121043	7.7897891998	0.0000000000
0.6177236761	7.7340407372	0.0000000000
0.6177352521	7.7978711128	0.0000000000
0.6177468286	7.7901401520	0.0000000000
0.6177584025	7.7262692451	0.0000000000
0.6177699713	7.7518329620	0.0000000000
0.6177815504	7.7441668510	0.0000000000
0.6177931251	7.7534151077	0.0000000000
0.6178046927	7.7572603226	0.0000000000
0.6178162727	7.7207961082	0.0000000000
0.6178278572	7.7658414841	0.0000000000
0.6178394144	7.7403850555	0.0000000000
0.6178509952	7.7755537033	0.0000000000
0.6178625692	7.7429051399	0.0000000000
0.6178741337	7.7172002792	0.0000000000
0.6178857180	7.7842130661	0.0000000000
0.6178972869	7.7185263634	0.0000000000
0.6179088546	7.7614326477	0.0000000000
0.6179204330	7.7662162781	0.0000000000
0.6179320211	7.7706975937	0.0000000000
0.6179435842	7.7550854683	0.0000000000
0.6179551616	7.7057361603	0.0000000000
0.6179667308	7.7565884590	0.0000000000
0.6179783042	7.7233877182	0.0000000000
0.6179898835	7.7941036224	0.0000000000
0.6180014471	7.7663297653	0.0000000000
0.6180130285	7.7092447281	0.0000000000
0.6180246050	7.7856054306	0.0000000000
0.6180361783	7.7439308167	0.0000000000
0.6180477487	7.7235293388	0.0000000000
0.6180593345	7.7270088196	0.0000000000
0.6180709085	7.7555985451	0.0000000000
0.6180824695	7.7453980446	0.0000000000
0.6180940390	7.7134060860	0.0000000000
0.6181056140	7.7063879967	0.0000000000
0.6181171996	7.7106904984	0.0000000000
0.6181287624	7.7558989525	0.0000000000
0.6181403471	7.6738581657	0.0000000000
0.6181519173	7.7046837807	0.0000000000
0.6181634836	7.7128334045	0.0000000000
0.6181750575	7.7884283066	0.0000000000
0.6181866332	7.5373477936	0.0000000000
0.6181982169	7.5094957352	0.0000000000
0.6182097855	7.5155553818	0.0000000000
0.6182213599	7.5708947182	0.0000000000
0.6182329315	7.5489864349	0.0000000000
0.6182445085	7.5534052849	0.0000000000
0.6182560970	7.5458817482	0.0000000000
0.6182676561	7.5139646530	0.0000000000
0.6182792339	7.5481309891	0.0000000000
0.6182908033	7.5021553040	0.0000000000
0.6183023834	7.4820361137	0.0000000000
0.6183139506	7.4521417618	0.0000000000
0.6183255243	7.4538917542	0.0000000000
0.6183371051	7.4622898102	0.0000000000
0.6183486736	7.4283814430	0.0000000000
0.6183602490	7.4416866302	0.0000000000
0.6183718234	7.4437575340	0.0000000000
0.6183833973	7.4556827545	0.0000000000
0.6183949680	7.4224767685	0.0000000000
0.6184065622	7.4172267914	0.0000000000
0.6184181201	7.4536266327	0.0000000000
0.6184296916	7.4285049438	0.0000000000
0.6184412673	7.4295458794	0.0000000000
0.6184528352	7.4215216637	0.0000000000
0.6184644115	7.4033188820	0.0000000000
0.6184759843	7.4253230095	0.0000000000
0.6184875621	7.4034972191	0.0000000000
0.6184991323	7.3799061775	0.0000000000
0.6185107059	7.4218401909	0.0000000000
0.6185222908	7.3959808350	0.0000000000
0.6185338552	7.3840556145	0.0000000000
0.6185454351	7.4048004150	0.0000000000
0.6185570081	7.3853864670	0.0000000000
0.6185685829	7.3955879211	0.0000000000
0.6185801518	7.4604506493	0.0000000000
0.6185917349	7.5986757278	0.0000000000
0.6186033031	7.4814705849	0.0000000000
0.6186148817	7.4978547096	0.0000000000
0.6186264482	7.5708370209	0.0000000000
0.6186380332	7.6339192390	0.0000000000
0.6186495947	7.6472892761	0.0000000000
0.6186611734	7.5815000534	0.0000000000
0.6186727427	7.5801715851	0.0000000000
0.6186843357	7.6493983269	0.0000000000
0.6186958927	7.6605749130	0.0000000000
0.6187074777	7.6014609337	0.0000000000
0.6187190519	7.5687522888	0.0000000000
0.6187306261	7.5739836693	0.0000000000
0.6187421940	7.5866422653	0.0000000000
0.6187537680	7.6332788467	0.0000000000
0.6187653396	7.6825389862	0.0000000000
0.6187769201	7.5561118126	0.0000000000
0.6187885047	7.5834102631	0.0000000000
0.6188000719	7.5597524643	0.0000000000
0.6188116390	7.6110210419	0.0000000000
0.6188232155	7.5998182297	0.0000000000
0.6188347947	7.5120306015	0.0000000000
0.6188463577	7.5807194710	0.0000000000
0.6188579411	7.5456495285	0.0000000000
0.6188695144	7.6185345650	0.0000000000
0.6188810776	7.5876779556	0.0000000000
0.6188926584	7.6578788757	0.0000000000
0.6189042289	7.6034898758	0.0000000000
0.6189158078	7.5562191010	0.0000000000
0.6189273734	7.6160063744	0.0000000000
0.6189389467	7.5312190056	0.0000000000
0.6189505319	7.5645570755	0.0000000000
0.6189620956	7.5136637688	0.0000000000
0.6189736741	7.5546479225	0.0000000000
0.6189852509	7.6512017250	0.0000000000
0.6189968213	7.5936317444	0.0000000000
0.6190083955	7.5597538948	0.0000000000
0.6190199712	7.5668954849	0.0000000000
0.6190315520	7.6418285370	0.0000000000
0.6190431139	7.5495519638	0.0000000000
0.6190546914	7.5944261551	0.0000000000
0.6190662679	7.5991039276	0.0000000000
0.6190778413	7.5171818733	0.0000000000
0.6190894160	7.6114945412	0.0000000000
0.6191009936	7.6017107964	0.0000000000
0.6191125596	7.6037321091	0.0000000000
0.6191241444	7.6440601349	0.0000000000
0.6191357149	7.6158294678	0.0000000000
0.6191472819	7.6131601334	0.0000000000
0.6191588572	7.6675019264	0.0000000000
0.6191704292	7.6156883240	0.0000000000
0.6191820134	7.5887131691	0.0000000000
0.6191935843	7.6078209877	0.0000000000
0.6192051566	7.5887813568	0.0000000000
0.6192167336	7.5664138794	0.0000000000
0.6192283086	7.6301712990	0.0000000000
0.6192398751	7.5726404190	0.0000000000
0.6192514525	7.6081023216	0.0000000000
0.6192630290	7.6268486977	0.0000000000
0.6192746057	7.5805716515	0.0000000000
0.6192861818	7.6094770432	0.0000000000
0.6192977517	7.5689101219	0.0000000000
0.6193093382	7.5880169868	0.0000000000
0.6193208984	7.6298666000	0.0000000000
0.6193324739	7.5719842911	0.0000000000
0.6193440505	7.5784578323	0.0000000000
0.6193556189	7.5965247154	0.0000000000
0.6193671954	7.5400791168	0.0000000000
0.6193787716	7.6130657196	0.0000000000
0.6193903414	7.5613965988	0.0000000000
0.6194019198	7.6124053001	0.0000000000
0.6194134949	7.6207075119	0.0000000000
0.6194250636	7.5578608513	0.0000000000
0.6194366443	7.5752692223	0.0000000000
0.6194482089	7.5415258408	0.0000000000
0.6194597818	7.6118168831	0.0000000000
0.6194713627	7.5389723778	0.0000000000
0.6194829471	7.5393648148	0.0000000000
0.6194945132	7.5443191528	0.0000000000
0.6195060850	7.5392804146	0.0000000000
0.6195176581	7.5992822647	0.0000000000
0.6195292296	7.5915923119	0.0000000000
0.6195408062	7.5917482376	0.0000000000
0.6195523841	7.5777330399	0.0000000000
0.6195639592	7.5194935799	0.0000000000
0.6195755300	7.5977592468	0.0000000000
0.6195870956	7.5602121353	0.0000000000
0.6195986789	7.4810366631	0.0000000000
0.6196102550	7.5706629753	0.0000000000
0.6196218283	7.5545020103	0.0000000000
0.6196333965	7.5857229233	0.0000000000
0.6196449706	7.5818862915	0.0000000000
0.6196565399	7.6034722328	0.0000000000
0.6196681158	7.5488810539	0.0000000000
0.6196796888	7.5665588379	0.0000000000
0.6196912832	7.5760931969	0.0000000000
0.6197028358	7.5487384796	0.0000000000
0.6197144198	7.5353837013	0.0000000000
0.6197259962	7.4787869453	0.0000000000
0.6197375647	7.5618209839	0.0000000000
0.6197491379	7.5675663948	0.0000000000
0.6197607108	7.5415787697	0.0000000000
0.6197722862	7.5814642906	0.0000000000
0.6197838586	7.5548734665	0.0000000000
0.6197954393	7.4865889549	0.0000000000
0.6198070125	7.5353689194	0.0000000000
0.6198185862	7.5461926460	0.0000000000
0.6198301605	7.5651102066	0.0000000000
0.6198417362	7.5206184387	0.0000000000
0.6198533078	7.5080952644	0.0000000000
0.6198648772	7.5717034340	0.0000000000
0.6198764509	7.5347900391	0.0000000000
0.6198880325	7.5027112961	0.0000000000
0.6198996053	7.4359302521	0.0000000000
0.6199111793	7.4932093620	0.0000000000
0.6199227450	7.5487470627	0.0000000000
0.6199343220	7.4225115776	0.0000000000
0.6199459033	7.5087280273	0.0000000000
0.6199574715	7.5447611809	0.0000000000
0.6199690432	7.4855899811	0.0000000000
0.6199806216	7.4740018845	0.0000000000
0.6199921928	7.4569149017	0.0000000000
0.6200037651	7.4726490974	0.0000000000
0.6200153457	7.5386328697	0.0000000000
0.6200269221	7.5061926842	0.0000000000
0.6200384915	7.4630808830	0.0000000000
0.6200500697	7.4782156944	0.0000000000
0.6200616440	7.5090489388	0.0000000000
0.6200732075	7.5033569336	0.0000000000
0.6200847905	7.5479707718	0.0000000000
0.6200963630	7.4804806709	0.0000000000
0.6201079517	7.5113883018	0.0000000000
0.6201195131	7.5208063126	0.0000000000
0.6201310886	7.4997472763	0.0000000000
0.6201426563	7.4970989227	0.0000000000
0.6201542262	7.4904632568	0.0000000000
0.6201658094	7.4979085922	0.0000000000
0.6201773741	7.4323945045	0.0000000000
0.6201889579	7.5037465096	0.0000000000
0.6202005261	7.4792785645	0.0000000000
0.6202120989	7.3668236732	0.0000000000
0.6202236795	7.4347057343	0.0000000000
0.6202352486	7.4011912346	0.0000000000
0.6202468262	7.3783769608	0.0000000000
0.6202584003	7.3995695114	0.0000000000
0.6202699771	7.4670453072	0.0000000000
0.6202815443	7.4496841431	0.0000000000
0.6202931243	7.4753947258	0.0000000000
0.6203046873	7.4882593155	0.0000000000
0.6203162696	7.4607186317	0.0000000000
0.6203278374	7.4861025810	0.0000000000
0.6203394169	7.4647717476	0.0000000000
0.6203509847	7.4352583885	0.0000000000
0.6203625702	7.3756985664	0.0000000000
0.6203741376	7.4802331924	0.0000000000
0.6203857183	7.4373726845	0.0000000000
0.6203972907	7.4348340034	0.0000000000
0.6204088589	7.3723392487	0.0000000000
0.6204204340	7.3713245392	0.0000000000
0.6204320091	7.3886427879	0.0000000000
0.6204435768	7.4571447372	0.0000000000
0.6204551566	7.3131031990	0.0000000000
0.6204667359	7.4169588089	0.0000000000
0.6204783052	7.4330663681	0.0000000000
0.6204898805	7.3716816902	0.0000000000
0.6205014471	7.3095955849	0.0000000000
0.6205130327	7.4185481071	0.0000000000
0.6205246032	7.4165720940	0.0000000000
0.6205361776	7.4046039581	0.0000000000
0.6205477442	7.3748497963	0.0000000000
0.6205593171	7.3583378792	0.0000000000
0.6205708908	7.4072198868	0.0000000000
0.6205824726	7.4007477760	0.0000000000
0.6205940445	7.3876137733	0.0000000000
0.6206056235	7.3607549667	0.0000000000
0.6206172388	7.3007025719	0.0000000000
0.6206287613	7.3534111977	0.0000000000
0.6206403467	7.3044977188	0.0000000000
0.6206519208	7.3616085052	0.0000000000
0.6206634886	7.3136634827	0.0000000000
0.6206750661	7.3503103256	0.0000000000
0.6206866525	7.3351526260	0.0000000000
0.6206982118	7.3262329102	0.0000000000
0.6207097846	7.2753887177	0.0000000000
0.6207213549	7.3351430893	0.0000000000
0.6207329336	7.3071041107	0.0000000000
0.6207445079	7.2613806725	0.0000000000
0.6207560873	7.2954254150	0.0000000000
0.6207676613	7.2857484818	0.0000000000
0.6207792269	7.3554916382	0.0000000000
0.6207908035	7.2659153938	0.0000000000
0.6208023783	7.2652902603	0.0000000000
0.6208139593	7.3018732071	0.0000000000
0.6208255206	7.2948002815	0.0000000000
0.6208370955	7.2878222466	0.0000000000
0.6208486692	7.2685823441	0.0000000000
0.6208602463	7.3347597122	0.0000000000
0.6208718269	7.2982664108	0.0000000000
0.6208834011	7.3340101242	0.0000000000
0.6208949660	7.3289203644	0.0000000000
0.6209065431	7.2825016975	0.0000000000
0.6209181241	7.1985940933	0.0000000000
0.6209296916	7.2495245934	0.0000000000
0.6209412632	7.2139549255	0.0000000000
0.6209528473	7.3005695343	0.0000000000
0.6209644183	7.2560658455	0.0000000000
0.6209759949	7.1613454819	0.0000000000
0.6209875625	7.2279210091	0.0000000000
0.6209991435	7.2383666039	0.0000000000
0.6210107062	7.1322078705	0.0000000000
0.6210222889	7.2751994133	0.0000000000
0.6210338641	7.2480616570	0.0000000000
0.6210454381	7.2575278282	0.0000000000
0.6210570062	7.1438231468	0.0000000000
0.6210685810	7.2128891945	0.0000000000
0.6210801512	7.2624301910	0.0000000000
0.6210917254	7.1364750862	0.0000000000
0.6211033071	7.1745748520	0.0000000000
0.6211148769	7.1737179756	0.0000000000
0.6211264569	7.1963744164	0.0000000000
0.6211380255	7.1418251991	0.0000000000
0.6211496043	7.2216911316	0.0000000000
0.6211611694	7.2496309280	0.0000000000
0.6211727448	7.1952142715	0.0000000000
0.6211843278	7.0921435356	0.0000000000
0.6211958930	7.1204338074	0.0000000000
0.6212074690	7.1246213913	0.0000000000
0.6212190451	7.1836624146	0.0000000000
0.6212306245	7.1004815102	0.0000000000
0.6212421975	7.1681842804	0.0000000000
0.6212537668	7.1005630493	0.0000000000
0.6212653398	7.0858364105	0.0000000000
0.6212769181	7.1380815506	0.0000000000
0.6212884854	7.1331801414	0.0000000000
0.6213000693	7.2006950378	0.0000000000
0.6213116391	7.2078027725	0.0000000000
0.6213232111	7.1529450417	0.0000000000
0.6213347849	7.1179943085	0.0000000000
0.6213463636	7.1070337296	0.0000000000
0.6213579344	7.1245179176	0.0000000000
0.6213695146	7.1361179352	0.0000000000
0.6213810841	7.1134505272	0.0000000000
0.6213926705	7.0326905251	0.0000000000
0.6214042313	7.0441322327	0.0000000000
0.6214157985	7.0554995537	0.0000000000
0.6214273837	7.0290837288	0.0000000000
0.6214389577	7.0706324577	0.0000000000
0.6214505271	7.1350188255	0.0000000000
0.6214620992	7.0234656334	0.0000000000
0.6214736744	6.9770641327	0.0000000000
0.6214852542	6.9529089928	0.0000000000
0.6214968176	7.0120096207	0.0000000000
0.6215083974	6.9598278999	0.0000000000
0.6215199696	7.0205307007	0.0000000000
0.6215315512	7.0648274422	0.0000000000
0.6215431243	7.0295119286	0.0000000000
0.6215546871	7.0690059662	0.0000000000
0.6215662710	7.0458846092	0.0000000000
0.6215778409	6.9968094826	0.0000000000
0.6215894198	6.8922729492	0.0000000000
0.6216009837	7.0160579681	0.0000000000
0.6216125574	6.9829893112	0.0000000000
0.6216241382	7.0570430756	0.0000000000
0.6216357077	7.0038952827	0.0000000000
0.6216472858	6.9988670349	0.0000000000
0.6216588545	6.9597339630	0.0000000000
0.6216704381	7.0094265938	0.0000000000
0.6216820111	7.0551285744	0.0000000000
0.6216935888	6.9773559570	0.0000000000
0.6217051612	6.8947625160	0.0000000000
0.6217167249	6.9985094070	0.0000000000
0.6217283094	6.6680808067	0.0000000000
0.6217398840	6.6813859940	0.0000000000
0.6217514472	6.6656289101	0.0000000000
0.6217630248	6.7000985146	0.0000000000
0.6217745993	6.5997710228	0.0000000000
0.6217861727	6.6630277634	0.0000000000
0.6217977517	6.5861916542	0.0000000000
0.6218093223	6.6044654846	0.0000000000
0.6218208952	6.5675258636	0.0000000000
0.6218324695	6.2274904251	0.0000000000
0.6218440502	6.2636461258	0.0000000000
0.6218556256	6.2256369591	0.0000000000
0.6218671983	6.2728595734	0.0000000000
0.6218787651	6.2580189705	0.0000000000
0.6218903428	6.2310276031	0.0000000000
0.6219019199	6.2003660202	0.0000000000
0.6219134914	6.2375693321	0.0000000000
0.6219250592	6.2651929855	0.0000000000
0.6219366399	6.2419977188	0.0000000000
0.6219482077	6.2146196365	0.0000000000
0.6219597920	6.2091464996	0.0000000000
0.6219713548	6.2075991631	0.0000000000
0.6219829283	6.1992015839	0.0000000000
0.6219945084	6.2006750107	0.0000000000
0.6220060873	6.1584939957	0.0000000000
0.6220176575	6.2226266861	0.0000000000
0.6220292270	6.1948323250	0.0000000000
0.6220408064	6.2036452293	0.0000000000
0.6220523742	6.1495294571	0.0000000000
0.6220639566	6.1235408783	0.0000000000
0.6220755297	6.1779909134	0.0000000000
0.6220871014	6.1435112953	0.0000000000
0.6220986786	6.1469230652	0.0000000000
0.6221102550	6.1365199089	0.0000000000
0.6221218242	6.1450924873	0.0000000000
0.6221334134	6.1500134468	0.0000000000
0.6221449736	6.1206140518	0.0000000000
0.6221565604	6.1298413277	0.0000000000
0.6221681237	6.2897567749	0.0000000000
0.6221796898	6.5743083954	0.0000000000
0.6221912666	6.7444534302	0.0000000000
0.6222028458	6.6455917358	0.0000000000
0.6222144156	6.6863508224	0.0000000000
0.6222259837	6.6884417534	0.0000000000
0.6222375658	6.8643927574	0.0000000000
0.6222491348	6.5650610924	0.0000000000
0.6222607101	6.6003203392	0.0000000000
0.6222722902	6.6783642769	0.0000000000
0.6222838542	6.6915020943	0.0000000000
0.6222954498	6.6444754601	0.0000000000
0.6223070031	6.6894702911	0.0000000000
0.6223185805	6.5444912910	0.0000000000
0.6223301609	6.7717909813	0.0000000000
0.6223417252	6.6652889252	0.0000000000
0.6223533073	6.8681869507	0.0000000000
0.6223648829	6.7980227470	0.0000000000
0.6223764471	6.8889660835	0.0000000000
0.6223880325	6.7883400917	0.0000000000
0.6223996059	6.6922497749	0.0000000000
0.6224111691	6.6961259842	0.0000000000
0.6224227645	6.7349143028	0.0000000000
0.6224343252	6.8164577484	0.0000000000
0.6224458970	6.8246574402	0.0000000000
0.6224574867	6.7935934067	0.0000000000
0.6224690497	6.7892990112	0.0000000000
0.6224806131	6.8439855576	0.0000000000
0.6224921928	6.7961859703	0.0000000000
0.6225037658	6.8379850388	0.0000000000
0.6225153349	6.6808600426	0.0000000000
0.6225269174	6.7455582619	0.0000000000
0.6225384929	6.5988440514	0.0000000000
0.6225500579	6.8295536041	0.0000000000
0.6225616393	6.8291821480	0.0000000000
0.6225732054	6.7752575874	0.0000000000
0.6225847833	6.8267097473	0.0000000000
0.6225963606	6.8554878235	0.0000000000
0.6226079370	6.8281865120	0.0000000000
0.6226195045	6.8232803345	0.0000000000
0.6226310866	6.7394471169	0.0000000000
0.6226426618	6.6910686493	0.0000000000
0.6226542275	6.8142027855	0.0000000000
0.6226658047	6.7798252106	0.0000000000
0.6226773741	6.8363699913	0.0000000000
0.6226889465	6.6464366913	0.0000000000
0.6227005242	6.9220933914	0.0000000000
0.6227121139	6.8119459152	0.0000000000
0.6227236760	6.6746554375	0.0000000000
0.6227352428	6.7791671753	0.0000000000
0.6227468255	6.8483409882	0.0000000000
0.6227583983	6.7836041451	0.0000000000
0.6227699694	6.8055334091	0.0000000000
0.6227815435	6.8064351082	0.0000000000
0.6227931194	6.7626748085	0.0000000000
0.6228046954	6.7878937721	0.0000000000
0.6228162710	6.7083048820	0.0000000000
0.6228278396	6.7788271904	0.0000000000
0.6228394171	6.8482379913	0.0000000000
0.6228509839	6.8058395386	0.0000000000
0.6228625588	6.8769249916	0.0000000000
0.6228741360	6.8015251160	0.0000000000
0.6228857134	6.8173708916	0.0000000000
0.6228972875	6.8439178467	0.0000000000
0.6229088600	6.7467665672	0.0000000000
0.6229204329	6.7505402565	0.0000000000
0.6229320127	6.7890443802	0.0000000000
0.6229435796	6.7106261253	0.0000000000
0.6229551547	6.7769408226	0.0000000000
0.6229667355	6.8690452576	0.0000000000
0.6229782979	6.8151206970	0.0000000000
0.6229898787	6.8846850395	0.0000000000
0.6230014482	6.7074980736	0.0000000000
0.6230130321	6.8196024895	0.0000000000
0.6230246033	6.7652277946	0.0000000000
0.6230361812	6.8180575371	0.0000000000
0.6230477478	6.7953505516	0.0000000000
0.6230593169	6.8902750015	0.0000000000
0.6230708928	6.9272780418	0.0000000000
0.6230824657	6.8423538208	0.0000000000
0.6230940407	6.7514472008	0.0000000000
0.6231056153	6.7239961624	0.0000000000
0.6231171980	6.7904348373	0.0000000000
0.6231287620	6.7158451080	0.0000000000
0.6231403406	6.7901086807	0.0000000000
0.6231519167	6.8232765198	0.0000000000
0.6231634946	6.7455587387	0.0000000000
0.6231750687	6.7621593475	0.0000000000
0.6231866378	6.8077263832	0.0000000000
0.6231982138	6.6816949844	0.0000000000
0.6232097889	6.7662281990	0.0000000000
0.6232213585	6.7430605888	0.0000000000
0.6232329298	6.6882381439	0.0000000000
0.6232445143	6.7720479965	0.0000000000
0.6232560880	6.8513464928	0.0000000000
0.6232676628	6.8753285408	0.0000000000
0.6232792286	6.7864089012	0.0000000000
0.6232907987	6.7716197968	0.0000000000
0.6233023773	6.7551898956	0.0000000000
0.6233139499	6.8111090660	0.0000000000
0.6233255217	6.6441078186	0.0000000000
0.6233371042	6.8252506256	0.0000000000
0.6233486765	6.8293042183	0.0000000000
0.6233602446	6.7364311218	0.0000000000
0.6233718188	6.7051286697	0.0000000000
0.6233833935	6.7722892761	0.0000000000
0.6233949665	6.7605533600	0.0000000000
0.6234065604	6.8699722290	0.0000000000
0.6234181174	6.8916349411	0.0000000000
0.6234297080	6.8541269302	0.0000000000
0.6234412734	6.7323174477	0.0000000000
0.6234528414	6.7600431442	0.0000000000
0.6234644162	6.8076224327	0.0000000000
0.6234759960	6.8057651520	0.0000000000
0.6234875581	6.9365468025	0.0000000000
0.6234991430	6.7570095062	0.0000000000
0.6235107134	6.7959794998	0.0000000000
0.6235222906	6.8135843277	0.0000000000
0.6235338757	6.7543139458	0.0000000000
0.6235454333	6.8422689438	0.0000000000
0.6235570044	6.7159128189	0.0000000000
0.6235685805	6.7969412804	0.0000000000
0.6235801532	6.8166337013	0.0000000000
0.6235917316	6.7505717278	0.0000000000
0.6236032995	6.8008756638	0.0000000000
0.6236148778	6.8584871292	0.0000000000
0.6236264469	6.7218627930	0.0000000000
0.6236380207	6.7597370148	0.0000000000
0.6236496081	6.7084913254	0.0000000000
0.6236611905	6.7134380341	0.0000000000
0.6236727522	6.7840633392	0.0000000000
0.6236843234	6.8074374199	0.0000000000
0.6236958989	6.7402877808	0.0000000000
0.6237074708	6.6288256645	0.0000000000
0.6237190444	6.8787493706	0.0000000000
0.6237306186	6.8627448082	0.0000000000
0.6237421892	6.8652858734	0.0000000000
0.6237537721	6.8248729706	0.0000000000
0.6237653444	6.7704296112	0.0000000000
0.6237769198	6.7925291061	0.0000000000
0.6237884941	6.6997036934	0.0000000000
0.6238000618	6.6585230827	0.0000000000
0.6238116324	6.7191343307	0.0000000000
0.6238232282	6.7571983337	0.0000000000
0.6238347847	6.7537021637	0.0000000000
0.6238463636	6.7862973213	0.0000000000
0.6238579389	6.8381094933	0.0000000000
0.6238695116	6.8440537453	0.0000000000
0.6238810863	6.8652510643	0.0000000000
0.6238926560	6.8825402260	0.0000000000
0.6239042446	6.8451480865	0.0000000000
0.6239158070	6.9261436462	0.0000000000
0.6239273832	6.8672642708	0.0000000000
0.6239389533	6.7863578796	0.0000000000
0.6239505313	6.7857136726	0.0000000000
0.6239621054	6.8164467812	0.0000000000
0.6239736689	6.8233656883	0.0000000000
0.6239852492	6.7435841560	0.0000000000
0.6239968394	6.7951216698	0.0000000000
0.6240084004	6.7878537178	0.0000000000
0.6240199760	6.8088040352	0.0000000000
0.6240315445	6.7116122246	0.0000000000
0.6240431250	6.7818517685	0.0000000000
0.6240547088	6.7657132149	0.0000000000
0.6240662707	6.8785624504	0.0000000000
0.6240778391	6.7740335464	0.0000000000
0.6240894316	6.7307715416	0.0000000000
0.6241009891	6.7482285500	0.0000000000
0.6241125683	6.7593097687	0.0000000000
0.6241241539	6.8314652443	0.0000000000
0.6241357149	6.8407897949	0.0000000000
0.6241472924	6.8483409882	0.0000000000
0.6241588534	6.7187995911	0.0000000000
0.6241704344	6.8526501656	0.0000000000
0.6241820110	6.8500580788	0.0000000000
0.6241935768	6.7502346039	0.0000000000
0.6242051580	6.8441176414	0.0000000000
0.6242167249	6.8081851006	0.0000000000
0.6242283039	6.8567190170	0.0000000000
0.6242398786	6.8717236519	0.0000000000
0.6242514558	6.8289933205	0.0000000000
0.6242630283	6.7756147385	0.0000000000
0.6242745961	6.8139257431	0.0000000000
0.6242861744	6.8577351570	0.0000000000
0.6242977440	6.7402391434	0.0000000000
0.6243093257	6.8321862221	0.0000000000
0.6243208980	6.7155389786	0.0000000000
0.6243324644	6.7061381340	0.0000000000
0.6243440468	6.8155679703	0.0000000000
0.6243556211	6.6512570381	0.0000000000
0.6243672049	6.7115492821	0.0000000000
0.6243787725	6.6338400841	0.0000000000
0.6243903359	6.6808743477	0.0000000000
0.6244019091	6.8117380142	0.0000000000
0.6244134923	6.7142105103	0.0000000000
0.6244250627	6.6921987534	0.0000000000
0.6244366356	6.8174328804	0.0000000000
0.6244482167	6.7974047661	0.0000000000
0.6244597890	6.7712798119	0.0000000000
0.6244713561	6.6965675354	0.0000000000
0.6244829290	6.8053460121	0.0000000000
0.6244945023	6.7320451736	0.0000000000
0.6245060834	6.7323470116	0.0000000000
0.6245176575	6.7173175812	0.0000000000
0.6245292310	6.7568473816	0.0000000000
0.6245408048	6.8615632057	0.0000000000
0.6245523886	6.8158769608	0.0000000000
0.6245639531	6.7308554649	0.0000000000
0.6245755261	6.6601548195	0.0000000000
0.6245870960	6.7693076134	0.0000000000
0.6245986744	6.7502279282	0.0000000000
0.6246102423	6.7568302155	0.0000000000
0.6246218269	6.8037977219	0.0000000000
0.6246333976	6.7471408844	0.0000000000
0.6246449767	6.7473096848	0.0000000000
0.6246565473	6.7636299133	0.0000000000
0.6246681224	6.7157554626	0.0000000000
0.6246796919	6.7402896881	0.0000000000
0.6246912712	6.6634969711	0.0000000000
0.6247028420	6.7918829918	0.0000000000
0.6247144140	6.7763113976	0.0000000000
0.6247259907	6.7561850548	0.0000000000
0.6247375653	6.7256703377	0.0000000000
0.6247491388	6.7549605370	0.0000000000
0.6247607158	6.8060231209	0.0000000000
0.6247722813	6.7970848083	0.0000000000
0.6247838591	6.7520136833	0.0000000000
0.6247954289	6.7290873528	0.0000000000
0.6248070112	6.7787437439	0.0000000000
0.6248185756	6.8299951553	0.0000000000
0.6248301586	6.6803045273	0.0000000000
0.6248417279	6.7101159096	0.0000000000
0.6248533107	6.8261260986	0.0000000000
0.6248648819	6.6992983818	0.0000000000
0.6248764573	6.8717403412	0.0000000000
0.6248880312	6.6431555748	0.0000000000
0.6248996010	6.7866811752	0.0000000000
0.6249111723	6.7254495621	0.0000000000
0.6249227465	6.7798595428	0.0000000000
0.6249343254	6.6758408546	0.0000000000
0.6249459008	6.7320303917	0.0000000000
0.6249574712	6.8310661316	0.0000000000
0.6249690464	6.7925119400	0.0000000000
0.6249806125	6.7272853851	0.0000000000
0.6249921952	6.6577463150	0.0000000000
0.6250037703	6.6464500427	0.0000000000
0.6250153430	6.5882821083	0.0000000000
0.6250269259	6.6928024292	0.0000000000
0.6250384920	6.6673288345	0.0000000000
0.6250500571	6.5958976746	0.0000000000
0.6250616418	6.7070169449	0.0000000000
0.6250732146	6.8344831467	0.0000000000
0.6250847843	6.8311853409	0.0000000000
0.6250963573	6.7424316406	0.0000000000
0.6251079362	6.7346229553	0.0000000000
0.6251195080	6.7175450325	0.0000000000
0.6251310829	6.7499017715	0.0000000000
0.6251426705	6.6864032745	0.0000000000
0.6251542364	6.5308923721	0.0000000000
0.6251658033	6.0905928612	0.0000000000
0.6251773818	6.1005878448	0.0000000000
End
